--
-- PostgreSQL database dump
--

-- Dumped from database version 12.22 (Ubuntu 12.22-0ubuntu0.20.04.4)
-- Dumped by pg_dump version 12.22 (Ubuntu 12.22-0ubuntu0.20.04.4)

SET statement_timeout = 0;
SET lock_timeout = 0;
SET idle_in_transaction_session_timeout = 0;
SET client_encoding = 'UTF8';
SET standard_conforming_strings = on;
SELECT pg_catalog.set_config('search_path', '', false);
SET check_function_bodies = false;
SET xmloption = content;
SET client_min_messages = warning;
SET row_security = off;

DROP DATABASE universe;
--
-- Name: universe; Type: DATABASE; Schema: -; Owner: freecodecamp
--

CREATE DATABASE universe WITH TEMPLATE = template0 ENCODING = 'UTF8' LC_COLLATE = 'C.UTF-8' LC_CTYPE = 'C.UTF-8';


ALTER DATABASE universe OWNER TO freecodecamp;

\connect universe

SET statement_timeout = 0;
SET lock_timeout = 0;
SET idle_in_transaction_session_timeout = 0;
SET client_encoding = 'UTF8';
SET standard_conforming_strings = on;
SELECT pg_catalog.set_config('search_path', '', false);
SET check_function_bodies = false;
SET xmloption = content;
SET client_min_messages = warning;
SET row_security = off;

SET default_tablespace = '';

SET default_table_access_method = heap;

--
-- Name: asteroid_belt; Type: TABLE; Schema: public; Owner: freecodecamp
--

CREATE TABLE public.asteroid_belt (
    asteroid_belt_id integer NOT NULL,
    name character varying(255) NOT NULL,
    planet_id integer NOT NULL,
    asteroid_count integer,
    is_dense boolean DEFAULT false,
    composition text NOT NULL
);


ALTER TABLE public.asteroid_belt OWNER TO freecodecamp;

--
-- Name: asteroid_belt_asteroid_belt_id_seq; Type: SEQUENCE; Schema: public; Owner: freecodecamp
--

CREATE SEQUENCE public.asteroid_belt_asteroid_belt_id_seq
    AS integer
    START WITH 1
    INCREMENT BY 1
    NO MINVALUE
    NO MAXVALUE
    CACHE 1;


ALTER TABLE public.asteroid_belt_asteroid_belt_id_seq OWNER TO freecodecamp;

--
-- Name: asteroid_belt_asteroid_belt_id_seq; Type: SEQUENCE OWNED BY; Schema: public; Owner: freecodecamp
--

ALTER SEQUENCE public.asteroid_belt_asteroid_belt_id_seq OWNED BY public.asteroid_belt.asteroid_belt_id;


--
-- Name: galaxy; Type: TABLE; Schema: public; Owner: freecodecamp
--

CREATE TABLE public.galaxy (
    galaxy_id integer NOT NULL,
    name character varying(255) NOT NULL,
    type text NOT NULL,
    age integer,
    has_black_hole boolean DEFAULT false,
    distance_light_years numeric
);


ALTER TABLE public.galaxy OWNER TO freecodecamp;

--
-- Name: galaxy_galaxy_id_seq; Type: SEQUENCE; Schema: public; Owner: freecodecamp
--

CREATE SEQUENCE public.galaxy_galaxy_id_seq
    AS integer
    START WITH 1
    INCREMENT BY 1
    NO MINVALUE
    NO MAXVALUE
    CACHE 1;


ALTER TABLE public.galaxy_galaxy_id_seq OWNER TO freecodecamp;

--
-- Name: galaxy_galaxy_id_seq; Type: SEQUENCE OWNED BY; Schema: public; Owner: freecodecamp
--

ALTER SEQUENCE public.galaxy_galaxy_id_seq OWNED BY public.galaxy.galaxy_id;


--
-- Name: moon; Type: TABLE; Schema: public; Owner: freecodecamp
--

CREATE TABLE public.moon (
    moon_id integer NOT NULL,
    name character varying(255) NOT NULL,
    planet_id integer NOT NULL,
    diameter numeric,
    is_habitable boolean DEFAULT false,
    orbital_distance integer
);


ALTER TABLE public.moon OWNER TO freecodecamp;

--
-- Name: moon_moon_id_seq; Type: SEQUENCE; Schema: public; Owner: freecodecamp
--

CREATE SEQUENCE public.moon_moon_id_seq
    AS integer
    START WITH 1
    INCREMENT BY 1
    NO MINVALUE
    NO MAXVALUE
    CACHE 1;


ALTER TABLE public.moon_moon_id_seq OWNER TO freecodecamp;

--
-- Name: moon_moon_id_seq; Type: SEQUENCE OWNED BY; Schema: public; Owner: freecodecamp
--

ALTER SEQUENCE public.moon_moon_id_seq OWNED BY public.moon.moon_id;


--
-- Name: planet; Type: TABLE; Schema: public; Owner: freecodecamp
--

CREATE TABLE public.planet (
    planet_id integer NOT NULL,
    name character varying(255) NOT NULL,
    star_id integer NOT NULL,
    radius numeric,
    has_life boolean DEFAULT false,
    orbital_period integer
);


ALTER TABLE public.planet OWNER TO freecodecamp;

--
-- Name: planet_planet_id_seq; Type: SEQUENCE; Schema: public; Owner: freecodecamp
--

CREATE SEQUENCE public.planet_planet_id_seq
    AS integer
    START WITH 1
    INCREMENT BY 1
    NO MINVALUE
    NO MAXVALUE
    CACHE 1;


ALTER TABLE public.planet_planet_id_seq OWNER TO freecodecamp;

--
-- Name: planet_planet_id_seq; Type: SEQUENCE OWNED BY; Schema: public; Owner: freecodecamp
--

ALTER SEQUENCE public.planet_planet_id_seq OWNED BY public.planet.planet_id;


--
-- Name: star; Type: TABLE; Schema: public; Owner: freecodecamp
--

CREATE TABLE public.star (
    star_id integer NOT NULL,
    name character varying(255) NOT NULL,
    galaxy_id integer NOT NULL,
    mass numeric,
    is_supernova boolean DEFAULT false,
    brightness integer
);


ALTER TABLE public.star OWNER TO freecodecamp;

--
-- Name: star_star_id_seq; Type: SEQUENCE; Schema: public; Owner: freecodecamp
--

CREATE SEQUENCE public.star_star_id_seq
    AS integer
    START WITH 1
    INCREMENT BY 1
    NO MINVALUE
    NO MAXVALUE
    CACHE 1;


ALTER TABLE public.star_star_id_seq OWNER TO freecodecamp;

--
-- Name: star_star_id_seq; Type: SEQUENCE OWNED BY; Schema: public; Owner: freecodecamp
--

ALTER SEQUENCE public.star_star_id_seq OWNED BY public.star.star_id;


--
-- Name: asteroid_belt asteroid_belt_id; Type: DEFAULT; Schema: public; Owner: freecodecamp
--

ALTER TABLE ONLY public.asteroid_belt ALTER COLUMN asteroid_belt_id SET DEFAULT nextval('public.asteroid_belt_asteroid_belt_id_seq'::regclass);


--
-- Name: galaxy galaxy_id; Type: DEFAULT; Schema: public; Owner: freecodecamp
--

ALTER TABLE ONLY public.galaxy ALTER COLUMN galaxy_id SET DEFAULT nextval('public.galaxy_galaxy_id_seq'::regclass);


--
-- Name: moon moon_id; Type: DEFAULT; Schema: public; Owner: freecodecamp
--

ALTER TABLE ONLY public.moon ALTER COLUMN moon_id SET DEFAULT nextval('public.moon_moon_id_seq'::regclass);


--
-- Name: planet planet_id; Type: DEFAULT; Schema: public; Owner: freecodecamp
--

ALTER TABLE ONLY public.planet ALTER COLUMN planet_id SET DEFAULT nextval('public.planet_planet_id_seq'::regclass);


--
-- Name: star star_id; Type: DEFAULT; Schema: public; Owner: freecodecamp
--

ALTER TABLE ONLY public.star ALTER COLUMN star_id SET DEFAULT nextval('public.star_star_id_seq'::regclass);


--
-- Data for Name: asteroid_belt; Type: TABLE DATA; Schema: public; Owner: freecodecamp
--

INSERT INTO public.asteroid_belt VALUES (1, 'Main Belt', 4, 1000000, true, 'Rock and metal');
INSERT INTO public.asteroid_belt VALUES (2, 'Kuiper Belt', 5, 5000000, false, 'Ice and rock');
INSERT INTO public.asteroid_belt VALUES (3, 'Alpha Belt', 7, 750000, true, 'Carbonaceous material');


--
-- Data for Name: galaxy; Type: TABLE DATA; Schema: public; Owner: freecodecamp
--

INSERT INTO public.galaxy VALUES (1, 'Milky Way', 'Spiral', 13600, true, 0);
INSERT INTO public.galaxy VALUES (2, 'Andromeda', 'Spiral', 10000, true, 2537000);
INSERT INTO public.galaxy VALUES (3, 'Triangulum', 'Spiral', 12000, false, 3000000);
INSERT INTO public.galaxy VALUES (4, 'Messier 81', 'Spiral', 12000, true, 12000000);
INSERT INTO public.galaxy VALUES (5, 'Sombrero', 'Elliptical', 13000, true, 29000000);
INSERT INTO public.galaxy VALUES (6, 'Whirlpool', 'Spiral', 11000, true, 23000000);


--
-- Data for Name: moon; Type: TABLE DATA; Schema: public; Owner: freecodecamp
--

INSERT INTO public.moon VALUES (1, 'Moon', 1, 3474, false, 384400);
INSERT INTO public.moon VALUES (2, 'Phobos', 2, 22, false, 9376);
INSERT INTO public.moon VALUES (3, 'Deimos', 2, 12, false, 23460);
INSERT INTO public.moon VALUES (4, 'Europa', 5, 3122, false, 670900);
INSERT INTO public.moon VALUES (5, 'Ganymede', 5, 5262, false, 1070400);
INSERT INTO public.moon VALUES (6, 'Callisto', 5, 4821, false, 1882700);
INSERT INTO public.moon VALUES (7, 'Titan', 6, 5150, false, 1221870);
INSERT INTO public.moon VALUES (8, 'Rhea', 6, 1528, false, 527000);
INSERT INTO public.moon VALUES (9, 'Iapetus', 6, 1496, false, 3561000);
INSERT INTO public.moon VALUES (10, 'Dione', 6, 1123, false, 377400);
INSERT INTO public.moon VALUES (11, 'Triton', 7, 2706, false, 354800);
INSERT INTO public.moon VALUES (12, 'Oberon', 8, 1523, false, 583000);
INSERT INTO public.moon VALUES (13, 'Titania', 8, 1577, false, 436300);
INSERT INTO public.moon VALUES (14, 'Miranda', 8, 471, false, 129900);
INSERT INTO public.moon VALUES (15, 'Ariel', 8, 1157, false, 191000);
INSERT INTO public.moon VALUES (16, 'Umbriel', 8, 1169, false, 266000);
INSERT INTO public.moon VALUES (17, 'Vega I a', 9, 3000, false, 100000);
INSERT INTO public.moon VALUES (18, 'Vega I b', 9, 2500, false, 120000);
INSERT INTO public.moon VALUES (19, 'Vega II a', 10, 2800, false, 110000);
INSERT INTO public.moon VALUES (20, 'Vega II b', 10, 2600, false, 130000);


--
-- Data for Name: planet; Type: TABLE DATA; Schema: public; Owner: freecodecamp
--

INSERT INTO public.planet VALUES (1, 'Earth', 1, 6371, true, 365);
INSERT INTO public.planet VALUES (2, 'Mars', 1, 3389, false, 687);
INSERT INTO public.planet VALUES (3, 'Venus', 1, 6051, false, 225);
INSERT INTO public.planet VALUES (4, 'Mercury', 1, 2439, false, 88);
INSERT INTO public.planet VALUES (5, 'Jupiter', 1, 69911, false, 4333);
INSERT INTO public.planet VALUES (6, 'Saturn', 1, 58232, false, 10759);
INSERT INTO public.planet VALUES (7, 'Alpha Centauri Bb', 3, 10000, false, 30);
INSERT INTO public.planet VALUES (8, 'Alpha Centauri Bc', 3, 12000, false, 50);
INSERT INTO public.planet VALUES (9, 'Vega I', 6, 15000, false, 100);
INSERT INTO public.planet VALUES (10, 'Vega II', 6, 14000, false, 120);
INSERT INTO public.planet VALUES (11, 'Rigel I', 4, 20000, false, 150);
INSERT INTO public.planet VALUES (12, 'Rigel II', 4, 18000, false, 180);


--
-- Data for Name: star; Type: TABLE DATA; Schema: public; Owner: freecodecamp
--

INSERT INTO public.star VALUES (1, 'Sun', 1, 1989000000000000000000000000000, false, 100);
INSERT INTO public.star VALUES (2, 'Sirius', 1, 2020000000000000000000000000000, false, 250);
INSERT INTO public.star VALUES (3, 'Proxima Centauri', 1, 123000000000000000000000000000, false, 1);
INSERT INTO public.star VALUES (4, 'Rigel', 2, 21000000000000000000000000000000, false, 120000);
INSERT INTO public.star VALUES (5, 'Betelgeuse', 2, 18000000000000000000000000000000, true, 90000);
INSERT INTO public.star VALUES (6, 'Vega', 3, 2100000000000000000000000000000, false, 40);


--
-- Name: asteroid_belt_asteroid_belt_id_seq; Type: SEQUENCE SET; Schema: public; Owner: freecodecamp
--

SELECT pg_catalog.setval('public.asteroid_belt_asteroid_belt_id_seq', 3, true);


--
-- Name: galaxy_galaxy_id_seq; Type: SEQUENCE SET; Schema: public; Owner: freecodecamp
--

SELECT pg_catalog.setval('public.galaxy_galaxy_id_seq', 6, true);


--
-- Name: moon_moon_id_seq; Type: SEQUENCE SET; Schema: public; Owner: freecodecamp
--

SELECT pg_catalog.setval('public.moon_moon_id_seq', 20, true);


--
-- Name: planet_planet_id_seq; Type: SEQUENCE SET; Schema: public; Owner: freecodecamp
--

SELECT pg_catalog.setval('public.planet_planet_id_seq', 12, true);


--
-- Name: star_star_id_seq; Type: SEQUENCE SET; Schema: public; Owner: freecodecamp
--

SELECT pg_catalog.setval('public.star_star_id_seq', 6, true);


--
-- Name: asteroid_belt asteroid_belt_name_key; Type: CONSTRAINT; Schema: public; Owner: freecodecamp
--

ALTER TABLE ONLY public.asteroid_belt
    ADD CONSTRAINT asteroid_belt_name_key UNIQUE (name);


--
-- Name: asteroid_belt asteroid_belt_pkey; Type: CONSTRAINT; Schema: public; Owner: freecodecamp
--

ALTER TABLE ONLY public.asteroid_belt
    ADD CONSTRAINT asteroid_belt_pkey PRIMARY KEY (asteroid_belt_id);


--
-- Name: galaxy galaxy_name_key; Type: CONSTRAINT; Schema: public; Owner: freecodecamp
--

ALTER TABLE ONLY public.galaxy
    ADD CONSTRAINT galaxy_name_key UNIQUE (name);


--
-- Name: galaxy galaxy_pkey; Type: CONSTRAINT; Schema: public; Owner: freecodecamp
--

ALTER TABLE ONLY public.galaxy
    ADD CONSTRAINT galaxy_pkey PRIMARY KEY (galaxy_id);


--
-- Name: moon moon_name_key; Type: CONSTRAINT; Schema: public; Owner: freecodecamp
--

ALTER TABLE ONLY public.moon
    ADD CONSTRAINT moon_name_key UNIQUE (name);


--
-- Name: moon moon_pkey; Type: CONSTRAINT; Schema: public; Owner: freecodecamp
--

ALTER TABLE ONLY public.moon
    ADD CONSTRAINT moon_pkey PRIMARY KEY (moon_id);


--
-- Name: planet planet_name_key; Type: CONSTRAINT; Schema: public; Owner: freecodecamp
--

ALTER TABLE ONLY public.planet
    ADD CONSTRAINT planet_name_key UNIQUE (name);


--
-- Name: planet planet_pkey; Type: CONSTRAINT; Schema: public; Owner: freecodecamp
--

ALTER TABLE ONLY public.planet
    ADD CONSTRAINT planet_pkey PRIMARY KEY (planet_id);


--
-- Name: star star_name_key; Type: CONSTRAINT; Schema: public; Owner: freecodecamp
--

ALTER TABLE ONLY public.star
    ADD CONSTRAINT star_name_key UNIQUE (name);


--
-- Name: star star_pkey; Type: CONSTRAINT; Schema: public; Owner: freecodecamp
--

ALTER TABLE ONLY public.star
    ADD CONSTRAINT star_pkey PRIMARY KEY (star_id);


--
-- Name: asteroid_belt asteroid_belt_planet_id_fkey; Type: FK CONSTRAINT; Schema: public; Owner: freecodecamp
--

ALTER TABLE ONLY public.asteroid_belt
    ADD CONSTRAINT asteroid_belt_planet_id_fkey FOREIGN KEY (planet_id) REFERENCES public.planet(planet_id);


--
-- Name: moon moon_planet_id_fkey; Type: FK CONSTRAINT; Schema: public; Owner: freecodecamp
--

ALTER TABLE ONLY public.moon
    ADD CONSTRAINT moon_planet_id_fkey FOREIGN KEY (planet_id) REFERENCES public.planet(planet_id);


--
-- Name: planet planet_star_id_fkey; Type: FK CONSTRAINT; Schema: public; Owner: freecodecamp
--

ALTER TABLE ONLY public.planet
    ADD CONSTRAINT planet_star_id_fkey FOREIGN KEY (star_id) REFERENCES public.star(star_id);


--
-- Name: star star_galaxy_id_fkey; Type: FK CONSTRAINT; Schema: public; Owner: freecodecamp
--

ALTER TABLE ONLY public.star
    ADD CONSTRAINT star_galaxy_id_fkey FOREIGN KEY (galaxy_id) REFERENCES public.galaxy(galaxy_id);


--
-- PostgreSQL database dump complete
--

